split,target,rmse,spearman,n
validation,content,0.7258443359288547,0.2820418642284677,400
validation,organization,0.8756247769450108,0.3981805450544628,400
validation,expression,0.9550032722457028,0.44728603601690586,400
validation,average,0.6667231226095449,0.4474696870768593,400
